ID,Reviews
284921427,0.49399
284926400,0.65276
284946595,0.57003
285755462,0.69063
286210009,0.3222
286363959,0.71352
288689440,0.76561
289217958,0.6312333333333333
290614255,0.4551
292242592,0.6396454545454545
292421271,0.39615999999999996
292538570,0.6140800000000001
294166538,0.40989
294193726,0.57286
295445501,0.92117
295462558,0.7389166666666668
296183853,0.59823
296756437,0.61624
299139129,0.5898800000000001
300893278,0.62017
302331458,0.62358
303337299,0.72057
303475501,0.5823
304878580,0.6815642857142857
305123066,0.72827
305324342,0.8805999999999999
305620716,0.5662125
306165224,0.40450909090909093
307083604,0.71026
307132353,0.92309
307219373,0.85014
307662507,0.75765
308032437,0.8152272727272727
308608974,0.38716999999999996
308834118,0.26269
309225116,0.29656
311395856,0.20921000000000003
311395924,0.75713
311456818,0.9094300000000001
311466554,0.70957
311468972,0.7684200000000001
311544087,0.83187
313734044,0.64514
313835253,0.17513333333333336
316491616,0.63898
316540851,0.60133
318280645,0.45445
318639200,0.57717
318974349,0.75645
318975161,0.8512
319305999,0.55831
319519142,0.2978
321026028,0.5422100000000001
321756558,0.74349
322110989,0.8754200000000001
322423174,0.67113
323375748,0.3798
324012853,0.84788
324355661,0.76263
324530319,-0.041900000000000014
326162486,0.65356
327755335,0.51689
327771130,0.5901799999999999
328168559,0.52079375
328330651,0.7512
329466722,0.77149
331271904,0.54803
332424440,0.63273
333453221,0.50041
334187594,0.79354
335029050,0.35988000000000003
335249553,0.6338818181818181
335545504,0.6093538461538461
335789094,0.8119777777777778
335929820,0.7883600000000001
336302082,0.5644199999999999
336472524,0.9181699999999999
337209160,0.80702
339473599,0.59256
339597241,0.45024999999999993
341089820,0.6537181818181819
342960702,0.69945
343795703,0.7030500000000001
344115274,0.3329923076923077
345015452,0.67186
347024989,0.42523999999999995
347872059,0.43593000000000004
348056335,0.6136
348792842,0.872
351086172,0.30903
351448383,0.66597
355524910,0.75654
356277312,0.35783
358348579,0.48909
358617686,0.6847
359891723,0.64252
360918170,0.10871000000000001
361294339,0.48896842105263155
362548659,0.5513
362562850,0.52313
362890121,0.6377333333333334
364165557,0.7727299999999999
364502845,0.4825181818181818
364575127,0.40908999999999995
364900027,0.9587600000000001
364918873,0.5556454545454546
365445568,0.2842
365735712,0.56917
366158571,0.47858333333333336
366159742,0.5510181818181819
366161039,0.8182545454545455
366161441,0.4461333333333333
366248696,0.25048
366536578,0.004740000000000011
366561888,0.43487
366798640,0.63664
366939020,0.33465
367107953,0.81211
367235715,0.6162333333333333
367322717,0.7121166666666667
367637700,0.29736
368841090,0.8533799999999999
370559102,0.7614500000000001
370826800,0.7636000000000001
371323725,0.83382
371380665,0.6665588235294118
373002953,0.3023636363636364
373258797,0.6868000000000001
374559518,0.28252
375694800,0.46134000000000003
375715528,0.287
376098160,0.8394588235294117
376533255,0.5399
376555565,0.4599333333333333
376637764,0.56455
376949996,0.80794
377182568,0.36541
377544857,0.5581400000000001
377664389,0.6726300000000001
377734408,0.75629
378161776,0.6075461538461538
378491005,0.5638099999999999
378772227,0.6702
380290526,0.75179
380862211,0.7494647058823529
381945962,0.49264
382010483,0.5256111111111111
384372078,0.43520000000000003
384844988,0.64049
385726463,0.54696
385902072,0.52557
386104577,0.38550999999999996
386260074,0.62085
387156198,0.68906
387310377,0.0
387944315,0.2964833333333334
389066545,0.42344
389456852,0.54572
389762204,0.5041800000000001
390422167,0.26081
390817401,0.15135
391098251,0.3612
391234866,0.7165999999999999
391239935,0.50164
391294299,0.6054700000000001
391297152,0.6874
391545915,-0.15948333333333334
392789372,0.7656
393340337,0.6343300000000001
393575110,0.35951000000000005
393575527,0.6202799999999999
393917657,0.47075555555555554
394057299,0.88964
395232844,0.73773
395928305,0.6876599999999999
396085661,0.7802
396597126,0.4397
396607391,0.2675818181818182
397998531,0.46331
398133128,0.6612
398398860,0.59021
398975927,0.525
401468962,0.47255
402362706,0.3897111111111111
402516081,0.71183
402793509,0.4462
403016297,-0.019829999999999993
404016931,0.48498
404018064,0.42723636363636364
404019594,0.5010727272727272
404242044,0.6238
404515795,0.37995999999999996
404553553,0.19910999999999998
406456426,0.35199
406492638,0.3612
407003328,-0.10622499999999999
407201718,0.81448
407678003,0.7427454545454545
408057561,0.0
408624898,0.60942
408625686,0.72041
408854559,0.60115
409567943,0.59874
409784210,0.05149999999999999
409909263,0.50988
410064207,-0.12948888888888888
410091935,0.54413
410290778,0.8020833333333334
410784366,0.6481600000000001
411753537,0.1612
412089940,0.63754
412719734,0.76014
412839962,0.6064499999999999
413427295,0.2704583333333333
413443169,0.4766066666666667
413642222,0.37564000000000003
413779660,0.5553
413936788,0.47673000000000004
414658364,0.8348599999999999
416254013,0.61244
416757122,0.54595
418186982,0.75796
418816633,0.2270625
419242369,0.8604499999999999
419424268,0.34557000000000004
420143542,0.06487000000000001
420880715,0.8522
421864154,0.7038800000000001
423533300,0.5763
423637440,0.23382999999999998
423783267,0.31342
424610463,0.273
425093062,0.57858
426444406,0.47256
426603626,0.18891
427150724,0.21747999999999998
427792386,0.35381999999999997
428149193,0.8526454545454545
429000513,0.5442
429844857,0.5328700000000001
431992865,0.5310333333333334
432080204,0.7102
432504470,0.6673307692307693
432778305,0.61435
432969074,0.7411300000000001
433341409,0.33181000000000005
434815663,0.43518
435285971,0.7288
435371884,0.04814
436636773,0.66655
436684234,0.9468799999999999
436691368,0.517875
437077202,0.67108
437602797,0.8383100000000001
437665714,0.48356000000000005
437978188,0.78608
438375580,0.77215
438669536,0.35159
439248947,0.7226692307692308
440131973,0.43338
440480260,0.8983363636363637
441057185,0.19388
441081314,-0.29256000000000004
441081494,-0.023780000000000003
442239737,0.6720909090909091
443781760,0.40883
443812781,-0.579125
444300378,0.73591
445291629,0.69138
445839722,0.6935399999999999
445853367,0.709955
446004874,0.02350000000000002
447763775,0.65484
447763975,0.74551
447946076,-0.04410000000000001
449354665,0.6865363636363636
451390680,0.35556
451955533,0.6153500000000001
452535701,0.4425
452679821,0.34988
453216093,0.4434666666666667
453345888,0.6288
453447822,0.37328
454617779,0.6248666666666667
454679700,0.65462
454862619,0.8178
454932115,0.26386000000000004
455219788,0.41907222222222223
455534710,0.26776000000000005
455602152,0.8107
455671001,0.3368
456308088,0.27125
456532154,0.5519000000000001
457264709,0.52879
457821568,0.6775909090909091
459392013,0.57073
459407847,0.5635272727272728
459653215,0.52012
459776737,0.6852714285714285
461722031,0.41086
463358640,0.2721461538461538
463644128,0.70986
464584047,0.64018
464658061,-0.9274
464658535,0.31015263157894735
466284081,0.5436
466399294,0.7836153846153846
468502067,0.44061666666666666
468686957,0.19823999999999997
468753407,0.65114
469024613,0.58927
469541179,0.41339
469872924,0.74905
469940742,0.68232
470156573,0.5316363636363636
470425181,0.28434
471665058,0.31579999999999997
472608323,0.38015
472642771,0.677775
472686905,0.4512666666666667
472896868,0.58799
473030484,0.62514
473502311,0.18122000000000002
475401686,0.63999
475591751,0.32203333333333334
475728716,0.77001
477039329,0.22615000000000002
477076878,0.71028
478523928,0.5269
479720743,0.8336
480189064,0.19313
480887001,0.8763545454545454
480941540,0.7218899999999999
482290578,0.6283000000000001
482299549,0.5660000000000001
482912687,0.32517142857142856
483329121,0.6249
483517253,0.6326727272727273
483581471,0.48979999999999996
483584037,0.3912
484039314,0.72228
485225401,0.46243
486147363,0.54177
486271760,0.37634
487024834,0.59409
487025819,0.6507684210526316
487110935,0.5255944444444444
487736480,0.39809
488026817,-0.09187000000000003
488087996,0.41671
488562065,0.22058333333333333
488593606,0.56455
488593715,0.3056125
488594616,0.63124
489265199,0.6988249999999999
489687640,0.57548
489884815,0.5969300000000001
489915587,0.8884
490248104,0.40746000000000004
490625226,0.8398545454545455
490753989,0.5743583333333334
490936265,0.32226999999999995
491005687,0.14213
492079865,0.07322
492566615,0.4563
493806952,0.37942666666666663
493859729,0.79161
493859816,0.7133625
494302506,0.3637
494394854,0.49363
494473747,0.5487222222222222
495029838,0.5455333333333333
495077699,0.57903
495361559,0.6283714285714286
495495818,0.5654
495637457,0.7149533333333333
495958318,0.56318
497482563,0.64842
497640483,0.5741857142857142
498226132,0.69101
498330099,0.6786800000000001
498812738,0.45294
498927138,0.50786
499283436,0.47035
499635050,0.4918818181818182
499730787,0.71944
499885330,0.52122
500099330,0.36661
500387023,0.7790100000000001
500543096,0.6221909090909091
500880061,0.37645999999999996
501414326,0.7145578947368421
502015694,0.1813
502527403,0.14164
503583724,0.52406
504300412,0.67352
504481239,0.20273000000000002
504578852,0.65556
504840039,0.392
505184428,0.63862
505305861,0.37744999999999995
505430082,0.8063
506515265,0.5187700000000001
507039696,0.44909
507105624,0.43833
507384859,0.35945
507674496,0.53458
507874482,0.7835
507874651,0.7764800000000001
508350301,0.42218999999999995
508412579,0.598025
509884568,0.36915
510527152,0.447375
511018715,0.288625
511892270,0.63002
512174884,0.39007000000000003
512304427,0.10183
513603251,0.8168947368421053
513970882,0.0
514588332,0.43163999999999997
514634235,0.7394999999999999
515237724,0.43897
515365347,-0.048429999999999994
516378985,0.76014
516465368,0.9054800000000001
517602670,0.6468692307692308
517657257,0.49373000000000006
517685886,0.6321363636363636
517860442,0.7661800000000001
518018730,0.6032866666666667
518021306,0.5566
518526472,0.586075
519007640,0.6030666666666666
520117759,0.75332
520183239,0.82243
520359912,0.62331
521069210,0.601
521514229,0.54629
521924761,0.0843
522062562,0.23868333333333333
522237004,0.6935
522314512,0.6980166666666667
522389317,-0.0944
522551995,0.65322
522676007,-0.11836000000000002
523001403,0.96273
523003209,0.42184999999999995
523430447,-0.7845
523490663,0.94504
524019484,0.75548
525332234,0.45535000000000003
525818839,0.08353999999999999
526669124,0.7692599999999999
526713081,0.60084
527007390,0.41445
527358348,0.7270800000000001
527866000,0.4078857142857143
527939715,0.6704100000000001
528201305,0.2770454545454546
528616029,0.7093636363636363
528617628,0.79692
528703935,0.30404
528857133,0.28289
529479190,0.83216
529961657,0.67616
530090434,0.7659785714285715
531472336,0.70622
531610330,0.16348000000000001
531614832,0.37882
531978796,0.44881000000000004
532983998,0.4807
533221949,0.6166
533730365,0.320125
534179666,0.7346299999999999
534414467,0.54659
534693339,0.35512
535049654,0.36249000000000003
535463664,-0.2248111111111111
535779172,0.58744
536362518,0.7872199999999999
536471031,-0.7039
537201666,0.5409846153846154
537583384,0.63423
537802071,0.85266
537973041,0.95455
538258369,0.299
538445895,0.42955
539793374,0.7474000000000001
540254290,0.5471333333333334
540389668,0.6691499999999999
540803768,0.5879800000000001
541044144,0.43220000000000003
541067628,0.29791
542397575,0.9693400000000001
542635542,0.36305
543012893,0.4385428571428571
543137173,0.2601
543822916,0.70889
544018782,0.71475
544324534,0.3694285714285715
545016443,0.7017599999999999
545205008,-0.089475
545206252,0.31032727272727273
545640777,0.60204
546101879,0.5236222222222222
547012000,0.28794
547246359,0.32383
547400849,0.76063
547566699,0.56749
548959444,0.2584
548965425,0.5574
548978304,0.49928
549432607,0.76166
549438741,0.7409
549881316,0.74847
550067264,0.8038700000000001
550312668,0.8895285714285714
550881679,0.9359
550923627,0.9651363636363637
550951488,0.67104
551152489,0.54172
551361934,0.41136666666666666
551555854,0.55108
551905986,0.40745000000000003
552706412,0.2023
553336097,0.35404
553961219,0.6297900000000001
554997599,0.05961999999999999
555050672,0.7663857142857143
555150599,0.36742727272727277
555172735,0.8686230769230769
555265373,0.31769
555644026,0.6058250000000001
556184637,-0.12968000000000002
556362131,0.39998
556591862,0.6044
556666026,0.77283
557278582,0.60191
557552094,0.06960000000000001
557816608,0.7899
558226878,0.7768
559587951,0.26047000000000003
559736571,0.71885
560072848,-0.09868333333333335
560104506,0.7554166666666666
560969468,0.61244
561157043,0.61947
561435724,0.7398571428571429
561724184,0.4638857142857143
562010187,0.9068499999999999
562183957,0.49862
562772514,0.7543200000000001
563297418,0.7583300000000001
563718995,0.8996000000000001
564748913,0.27717
564769273,0.7245999999999999
566038629,0.49783999999999995
566038968,0.59937
566815709,0.27535000000000004
566871115,0.3625555555555555
566910927,0.52518
567583852,0.8861153846153846
567631203,0.125075
567644839,0.7186733333333334
567663528,0.4156375
567723770,0.37545
568212992,0.3571421052631579
568264974,0.61175
568416858,0.16361666666666666
569502850,0.36149
569601150,0.10846
569641118,0.49746666666666667
569775187,0.30447
569874083,0.10127000000000001
570100665,0.48675
570655455,0.718
570772942,0.6121
571596801,0.16125454545454543
572389719,0.5266
572432485,0.8148333333333334
573130259,0.52454
573576947,0.5368
574242942,0.66012
575547461,0.5700076923076923
575590994,0.80586
575597501,0.49268
575835825,0.6403800000000001
575852062,0.7701727272727272
575981492,0.61982
576246209,0.19594999999999999
576302240,0.36956
576505181,0.51566
576707161,0.23739999999999997
576732628,0.9516
577053259,0.6909764705882353
578072806,0.4607333333333334
578650066,0.0623
578705207,0.6580272727272727
578747229,0.66387
579188627,0.91425
579721088,0.875990909090909
580039150,0.5537
580699267,0.45355999999999996
580765736,0.8770052631578947
580973122,0.53296
581133305,0.41942
581362508,0.52745
581912445,0.7544363636363637
582153229,0.82288
582611137,0.4376
582669643,0.25676923076923075
583505543,0.38383125
584927317,0.46036
585661281,0.5393
585665931,0.5976384615384616
586470098,0.7562800000000001
586483167,0.8074
586610066,0.13127333333333333
586902335,0.8191499999999999
586988358,0.42336666666666667
588206526,0.6944600000000001
588448310,0.26292
588552515,0.44245999999999996
588572144,-0.09423333333333334
588575192,0.35909
588935389,0.64238
589367593,0.48795
589798005,0.20412
590198757,0.677
591370957,0.50301
591644846,0.7194083333333333
592061297,0.09657
592119344,0.5754699999999999
592317066,0.027533333333333337
592425401,0.45198
592719183,0.22666
593013634,0.41850000000000004
594185444,0.69017
594294790,0.31187
594373076,0.34531
595194427,0.7182
595217067,0.45964999999999995
595491932,0.7775299999999999
595697977,0.7380769230769231
596677177,0.65574
597239290,0.5321818181818182
597467995,0.7432285714285715
597473125,0.65574
598558360,0.46895
598581396,0.6910076923076923
598581619,0.9018999999999999
598584564,0.50103
598809358,0.53755
599281208,0.49405000000000004
599312274,0.6093200000000001
599397897,0.26239999999999997
599521296,0.46395000000000003
599955633,0.67518
600366025,0.36584000000000005
600521463,0.8006
600626116,0.7604
602032189,0.50571
602069340,0.6741699999999999
603096536,0.81276
604580669,0.48103999999999997
604683854,0.59868
604702261,0.6446799999999999
605277717,0.54902
605412727,0.5837666666666667
605633081,0.46475999999999995
605634718,0.73746
605697473,0.39254
605918324,0.8728300000000001
606226694,0.8462
606585901,0.8368500000000001
606674232,0.19952999999999999
607376978,0.6249
607705356,0.33734000000000003
607902247,0.759525
608847384,0.92896
609052768,0.60675
609443642,0.31494
611140394,0.6989799999999999
612570971,0.5545555555555555
613158918,0.8425
614410957,0.40125
615261740,0.8535600000000001
615701215,-0.07715
615973090,0.35736
616022559,0.41211000000000003
617853649,0.83637
618288607,0.83564
618980711,0.63625
619404402,0.7325454545454545
622416243,0.0019499999999999962
622673515,0.17592000000000002
624533261,0.05170000000000001
625411864,0.9047000000000001
626065621,0.4767
626126009,0.26520000000000005
626561525,0.48179
627861986,0.42932
627977589,0.6483800000000001
629375826,0.5932473684210526
629684240,0.5901000000000001
629766293,0.946
630152302,0.27362857142857144
630340539,0.60249
630475909,0.18024
632079234,0.49677
632699126,0.5494857142857142
632959906,0.39918
633625517,0.6947071428571429
633807835,0.51545
634013256,0.77773
634122513,0.3264
634346141,0.12536
634528019,0.6218833333333333
634894229,0.8186199999999999
635931971,0.5170600000000001
636249544,0.76922
638320037,0.43935
638447236,0.5087900000000001
638668517,0.49124
639523856,0.76008
639579958,0.53654
639949840,0.57897
640030866,0.58397
640720527,0.84196
641255639,0.52476
641387028,0.51265
641762250,0.32595999999999997
642312120,0.7517699999999999
642313308,0.9274699999999999
642455094,0.15839166666666668
642482708,0.6715076923076922
642838812,0.54452
643326555,0.6624
643631071,0.9228500000000001
643705579,0.3606
644293656,0.67279
645190965,0.10524285714285715
646151772,0.4005
646362697,0.71353
646436754,0.72556
647176289,0.63948
647697139,0.54656
648019675,0.8216899999999999
648864664,0.12512
648977182,0.47800000000000004
649800164,0.6616444444444445
652136891,0.55047
652197121,0.5966699999999999
653463017,0.56053
654666725,0.39204
655078064,0.45111999999999997
655379918,0.8271
656283474,-0.46646666666666664
658386865,0.35807
658817018,0.7405999999999999
659265195,0.19674166666666668
659607539,0.5429727272727273
659713461,0.78368
659970011,0.37363
660188608,0.4404
660847060,0.04717142857142858
661548080,0.25703
662990206,0.52527
665107558,0.32702
665694824,0.61163
666083245,0.1819333333333333
666163534,0.59862
666556137,0.43841
667769247,0.32045
668331151,0.3056
669498729,0.61191
669831744,0.48949999999999994
670109767,0.60132
670189358,0.6054
670891616,0.7508111111111111
672119425,0.5665
672150402,0.39028999999999997
672341220,0.21363
672592603,0.62544
672707752,0.8248599999999999
673092251,0.60066
673126066,0.38526
673184421,0.38334999999999997
673294111,0.3991
674167371,0.49407999999999996
674210616,0.84838
674998363,0.2884555555555555
675049147,0.7517666666666667
675083486,0.50704
675108896,0.72346
676030326,0.5621
678241305,0.0
678249911,0.326425
678890930,0.47341
680516895,0.44489
680735722,0.4633
681144295,0.54238
681144299,0.04135999999999999
681966300,0.4391230769230769
682455707,0.6362
683094322,0.1897
684067240,0.51785
684168069,0.31982999999999995
684194665,0.6499699999999999
684224545,0.7544153846153846
684348770,0.7942636363636364
684595313,0.42255
685726711,0.54279
685808466,0.7685857142857143
686943176,0.510025
687362268,0.72936
687733146,0.40398
688089203,0.4791
689135653,0.35569090909090906
689542012,0.61553
689544648,0.87456
689776440,0.23938
691114891,0.44921111111111117
691987312,0.22937
693846659,0.78505
694291341,0.51058
694340130,0.8049
695165054,0.13391818181818185
695443258,0.2155
695468874,0.7755799999999999
695687095,0.5397299999999999
695948278,0.6527000000000001
697411524,0.8192272727272727
698470765,0.9182076923076923
698584863,0.6261642857142856
699464685,0.5082375
700653440,0.6369
701685884,0.3110222222222222
702758540,0.10717500000000002
702951905,0.93826
703439482,0.9367333333333333
703474367,0.6856099999999999
703474525,0.6855416666666666
704023051,0.83133
704524975,0.8078249999999999
704623156,0.40743
705203926,0.28508999999999995
705376036,0.42394
709128918,0.5553333333333333
710914623,0.14935714285714283
711455226,0.7830894736842106
712001890,0.4611714285714286
712135038,0.46744
714699723,0.57885
714796093,0.8915
715165066,0.8316500000000001
716585410,0.5038199999999999
716898949,0.58592
717265204,0.40819
718071700,0.41661000000000004
718172413,0.7916000000000001
718429890,0.7912600000000001
718749318,0.37242857142857144
718829098,0.66587
719394052,0.4770083333333333
720063567,0.55285
720127755,0.6261599999999999
720208070,0.7419399999999999
720208088,0.90866
720681700,0.83876
720725555,0.71745
720825227,0.79555
720862572,0.2394
721668606,0.45679
722452391,0.52907
722772796,-0.08724999999999998
723364834,0.37948
723718286,0.30595
725030261,0.50851
725198566,0.75492
725481540,-0.025460000000000003
727319462,0.1429
728271249,0.6047666666666667
728271398,0.49935999999999997
728414499,0.655475
728665418,0.12448000000000001
730818431,0.5246000000000001
730879079,0.09607500000000001
731368826,0.61897
732544456,0.41562
732986215,0.6183272727272727
732986807,0.59016
733299936,0.56223
733757567,0.6392
734464485,0.54808
735084878,0.48376
735180615,0.23991
735753993,0.5885
736281214,0.167
736781904,0.61995
736787261,0.61364
737135884,-0.0772
739067593,0.63588
739848264,0.43983333333333335
740136022,0.6247230769230769
741336884,0.62346
741885934,0.07750000000000001
742744893,0.511225
747960331,0.72936
748438921,0.4921428571428571
749488884,0.85466
750980896,0.40728
757183886,0.6866142857142857
757641000,0.25927
757752419,0.32184117647058824
758689884,0.6954
760266471,0.39462727272727266
761380454,0.48978
762551886,0.73506
764669635,0.54186
765528616,0.7018899999999999
765926660,0.4368444444444444
767970472,0.12337000000000001
770959421,0.4536833333333334
772234013,0.44
773121479,0.6523846153846153
774875399,0.7157461538461539
775273884,0.8405090909090909
775720902,0.5106
776914120,0.17149999999999999
777199402,0.206775
777428983,0.44720000000000004
778378115,0.21409000000000003
779435584,0.5068666666666667
779855682,0.82684
780420351,0.52013
781107082,0.3386
781124162,0.33714
781705529,0.75581
782438457,0.7149300000000001
783636913,0.42923
784718381,0.37267
784903621,0.49892000000000003
785663217,-0.2432
786161944,0.87849
787553892,0.7705500000000001
787862084,0.33445555555555556
788311995,0.14377500000000001
789128889,0.8481
789303927,0.18001
789656958,0.629625
789870075,0.7607
789910921,0.564225
790139744,0.4700714285714286
790209483,0.5465899999999999
791053015,0.7421
791085213,0.43088
791978884,0.3811777777777778
793803023,0.73792
793926995,0.61727
794672565,0.65726
796101901,-0.12516666666666668
796543693,0.1865
796982321,0.76292
797072099,0.7607200000000001
797709886,0.639675
799455799,0.47535
799471892,0.69583
799488598,-0.006989999999999996
802826167,0.6867300000000001
804728041,0.85802
805672891,0.3905666666666667
805807843,0.7862899999999999
806865530,0.6781125
807058165,0.10223
807333394,0.54634
807551930,0.46738999999999997
808138395,0.8930181818181818
808363427,0.71262
809092884,0.77568
812850156,0.36446666666666666
813747499,0.5960875
813757338,0.7514363636363637
814922283,0.0516
815045183,0.09223333333333333
816221266,0.22237777777777776
816553946,0.5326444444444445
817311082,0.46551111111111104
817733162,0.5865199999999999
820076814,0.63419
820706298,-0.07154999999999999
820715588,0.5504636363636364
820939973,0.8099999999999999
820972445,0.69309
823481079,0.6563722222222222
823501058,0.27913
823574003,0.5368999999999999
824305459,0.74794
824327351,0.52877
824999085,0.5083599999999999
825437118,0.5149
826154950,0.66612
826350006,0.13178
826442059,0.90542
827107898,0.5331235294117648
828410902,0.14390833333333333
828823376,0.30066666666666664
829350323,0.33643
829514526,0.19017
829984252,0.7001999999999999
831991169,0.40580999999999995
833951143,0.04579
834195388,0.4283
834195396,0.7165333333333334
834388315,0.3091333333333333
834420714,0.54027
834803306,-0.0772
834805531,0.3287
835092690,0.3355692307692308
835764231,0.21083333333333332
836980306,0.43115
837817797,0.6574785714285715
837860959,0.9175166666666666
839599050,0.550525
839618264,0.70421
839910634,0.45701764705882353
840103145,0.5232315789473684
840230884,0.58578
840299641,0.75942
840713701,0.5228727272727273
840769924,0.63026
840944907,0.56074
842162132,0.70655
842201143,0.57247
842563915,0.43264444444444444
842851934,0.6268100000000001
845108205,0.8708600000000001
845129661,0.77155
845162863,0.3446166666666666
845172245,0.76678
845762740,0.80525
846637606,0.41527000000000003
848246447,0.40245999999999993
849893589,0.27886
850699519,0.6212
851711277,0.5841000000000001
851901664,0.64121
853680597,0.6639684210526317
854159268,0.55318
855212379,0.6229
856200108,0.65235
858039162,0.77159
859148736,0.5510545454545455
859204347,0.6275052631578948
860103287,0.42212000000000005
860507942,0.29621
863062025,0.45141
864103912,0.82433
864880531,0.7599199999999999
865479146,0.7045899999999999
865963530,0.8111818181818182
866437367,0.383
867366250,0.79205
867427452,0.7434200000000001
868033700,0.7701100000000001
868064445,0.6345230769230769
868795597,0.62336
869223040,0.53619
869363794,0.71694
871111374,0.63285
871122034,0.72349
871205610,0.42275999999999997
871865033,0.730075
872966939,-0.0005749999999999922
873463541,0.7287888888888889
873914888,0.5747
874193661,0.36188000000000003
874984986,0.5417714285714286
875328582,0.27318000000000003
875589196,0.9501900000000001
876306733,0.6700875
876807358,0.027410000000000007
877557257,0.88016
877699973,0.7612166666666668
877988391,0.5574
878056771,0.6229142857142858
878381883,0.33368000000000003
878922917,0.6660166666666667
878974276,-0.02713000000000001
878981723,0.6399
879057314,0.60731
879340936,0.90761
879580286,0.2866875
880017562,0.8104181818181818
880060162,0.39485000000000003
880120788,0.70503
880350880,0.47696000000000005
880424461,0.42302999999999996
880735556,0.6533800000000001
881270303,0.77708
881398668,-0.30493333333333333
881874609,0.47094
881945620,0.738925
882374746,0.40245999999999993
882404371,0.5626
882502422,0.55458
882525717,0.54922
882565373,0.3612
882588964,0.57342
883314282,0.58614
884516166,0.54393
884768672,-0.21721666666666664
884872823,0.8389099999999999
884896914,0.6803
886053218,0.33305714285714283
886547277,0.59926
887028491,0.60293
888044412,0.79872
888287543,0.47586666666666666
888457565,0.5134700000000001
888931846,-0.29972
889795777,0.0
889896583,0.044550000000000006
890479211,0.28552
890932971,0.6756454545454545
891558960,0.616725
891700367,0.32613
891959606,0.29974999999999996
892041876,0.48251
892123874,0.55545
892229306,0.33216
892241316,0.7386333333333334
892333518,0.13412
892365114,0.457
892388552,0.65124
892627831,0.02469166666666665
892812659,0.8927799999999999
892955084,0.54835
892968728,0.04150999999999999
893218518,0.7242727272727273
893447125,0.6441636363636364
893651471,0.18515
894166968,0.49137000000000003
894272632,0.63826
894293034,0.70685
894381123,0.20257
894631758,0.14658
894778729,0.7753099999999999
895401858,0.5942
895462868,0.56158
895574649,0.29186
895726517,0.42453
895913573,0.77795
896086548,0.5554
896251878,0.5968600000000001
896329341,0.38266
896353586,0.48479
897721008,0.74039
897977337,0.28004999999999997
898102325,0.5061666666666667
898283922,0.25754
898558158,0.71682
898638247,-0.1589
900012751,0.24602999999999997
900824901,0.314975
901351192,0.58085625
901736647,0.7191142857142857
901742238,0.5703777777777778
901864337,0.8800399999999999
902098682,0.5359428571428572
902117808,0.55027
902344123,-0.007050000000000001
902393148,0.54452
902406863,0.47744
902451221,0.26488
902986059,0.36165
903586468,0.5960300000000001
903636993,0.39522
903821820,0.6276947368421052
903978215,0.5565300000000001
904065099,0.77042
904275738,0.781295
904737541,0.836575
904737816,0.9652900000000001
904874944,0.39275
905259249,0.6574222222222222
905269279,0.7444
906179616,0.09713333333333334
906193660,0.7909900000000001
906235799,-0.5679
906400663,0.24425999999999998
907930499,0.70326
909337833,-0.26933
909609126,0.7695500000000001
910060884,0.59989
910119742,0.41975625
911006986,0.7569368421052631
911117141,0.7988818181818182
911781335,0.83636
912104740,0.7096333333333332
912118166,0.038289999999999984
912136017,0.3232333333333333
912209877,0.6259928571428571
912226009,0.3953
912227668,0.8959699999999999
912426273,0.2974571428571429
912536422,0.84985
912677118,0.25108
912777251,0.4759
912787776,0.4146166666666667
913173849,0.65081
913292932,0.75423
913387787,0.34467
913426695,0.40928
913585516,0.25725
914012840,0.5176066666666667
914277051,0.004660000000000011
914343148,0.79752
914444499,0.54415
914537554,0.80105
914651511,0.7908
915663913,0.272575
916061016,0.45448000000000005
916432421,0.14465
916684824,0.5508947368421053
916699347,0.61639
916722558,-0.3062
916728593,0.5813900000000001
917102761,0.48646666666666666
917685276,0.48220999999999997
917778256,0.65527
917901251,0.18016
918037679,0.7302909090909092
918191565,0.43091
918293835,0.24135
918926284,0.2611
919151648,0.471825
919352667,0.8032499999999999
919372024,0.7035666666666667
919482402,0.81203
920766125,0.14966666666666667
921022358,0.80022
921503115,0.41524444444444447
922000764,0.7078599999999999
922164245,0.34
922207100,0.17564000000000002
922558758,0.42747
922789871,0.31401
923372242,0.8312
923530106,0.5568666666666666
923812702,0.8889699999999999
923822987,-0.005025000000000002
924010506,0.6588529411764705
924766910,0.05222857142857144
924788775,0.054779999999999995
925494667,0.7382299999999999
925744345,0.48268000000000005
926280609,0.3453
926372557,0.61231
926809315,0.75054
927404572,0.48953636363636366
928075095,0.20108
929052495,0.5818000000000001
929294037,0.2671
930064323,0.214455
930080330,0.41329000000000005
930126403,0.63169
930454108,0.6680947368421052
930482961,0.5791666666666667
931393901,0.10721
931515099,0.7620666666666667
931626570,0.50484
931920054,0.5599555555555555
932314819,0.64067
932497563,0.30417
932500451,0.56821
933026434,0.83977
933132958,0.6533411764705882
933629075,0.395
934012726,0.6896176470588236
934596429,0.37433
935241858,0.32199
935248198,0.53069
936240379,0.7762636363636364
937357954,0.8932
937788787,0.71804
938092888,0.67889
938785853,0.78178
938926401,0.67655
939357707,0.67746
939416231,-0.35724
939523213,0.42614
939529493,0.7536799999999999
940973491,0.6767700000000001
941143328,0.8649000000000001
942293005,0.61836
942388640,0.52312
942468836,0.3049857142857143
942553149,0.8974
942587808,0.2521
942851054,0.80712
943092940,0.7253000000000001
943278631,0.27921999999999997
943794778,0.12185000000000001
943835902,0.8511599999999999
944027821,0.3073666666666666
944766667,0.5442899999999999
944833124,0.45747
945005206,0.4617
945152624,0.35673333333333335
945274928,0.57418125
945975522,0.53286
946085023,0.28647
946090245,-0.6124
946369602,0.3403
946981227,0.3919428571428571
947356510,0.74845
947915071,0.85169
947918636,0.20735454545454546
948015921,0.54223
948147610,0.49027000000000004
948269187,0.6013333333333334
948452996,0.5469055555555555
949295938,0.79149
949785353,0.40286363636363637
949855469,0.23847999999999997
949933004,0.53031
950163861,0.25133333333333335
950574221,0.59875
950830884,0.9217299999999999
951054338,0.58538
951205464,0.6859166666666666
951248714,0.5577099999999999
951667169,0.36655
952174948,0.6752909090909092
952235045,0.4523
952715194,0.45509000000000005
952769097,0.6648833333333334
953023797,0.29262
953774204,0.40058999999999995
953806566,0.779525
953945088,-0.2732
954139673,0.8591
954153702,0.7261200000000001
954164606,0.9169
954297954,0.7531399999999999
954930583,0.32621
955158450,0.4546
955295568,0.78765
955297836,0.7713769230769232
955298503,0.65687
955321080,0.7253
955387547,0.8783799999999999
955682952,0.94159
956302035,0.5637800000000001
956736147,0.8415699999999999
957131662,0.38798000000000005
957152118,0.90489
957253933,0.78122
957943533,0.59324
958256949,0.27822
958530579,0.39882
958680346,0.5662181818181818
958799414,0.42340999999999995
959677887,0.36985
959776641,0.27035
959811020,0.32813333333333333
959811502,0.42437
959929863,0.28463333333333335
960098053,0.542225
960112485,0.5988142857142857
960361437,0.6767700000000001
960780428,0.4327857142857142
960842536,0.5841928571428571
961610944,0.4752
961898795,0.5801666666666666
961994680,0.8823454545454545
962072541,0.8328
962190050,0.56601
962660606,0.2678666666666667
962663754,0.161775
963087270,0.7257399999999999
963394617,0.36801999999999996
963629211,0.71962
964447695,0.51572
964480188,0.86738
964530031,0.61031
964911178,0.6138899999999999
965105321,0.8528333333333333
965642318,0.4577
965700672,0.65226
965748492,0.84907
965869424,0.8020299999999999
965911612,0.6837545454545455
966051929,0.37462
966245474,0.9767300000000001
966400320,0.15106666666666668
966519418,0.5768375
966639022,0.46719
966810173,0.6300100000000001
966946904,0.50686
967099322,0.6655300000000001
967441322,-0.27573333333333333
967664610,0.28795000000000004
967933309,0.18900000000000003
968596273,0.32650999999999997
968915185,0.6255727272727273
969233809,0.55806
969264934,0.6757500000000001
969316884,0.5593705882352941
969505290,0.4357857142857143
969774786,0.47659999999999997
969868120,0.26942
969868386,0.6179749999999999
970411932,0.6161153846153845
970488479,0.5157200000000001
970533921,0.27617142857142857
970674839,0.6970538461538461
971030546,0.5706857142857144
971656290,0.1325285714285714
972028559,0.50105
972045237,0.62767
972318425,0.3001133333333333
972529663,0.22942
972569759,0.57375
972581001,0.55186
972802584,0.32788
973036930,0.5341199999999999
973182911,0.6124923076923077
973479655,0.39378
973798856,0.5911299999999999
974919000,0.7008000000000001
975104239,0.68767
975107194,0.6421444444444444
975487304,0.90466
975683986,0.56109
975707035,0.8344699999999999
976183189,0.42248
976545767,0.8055375
976552825,0.7355400000000001
976959709,0.0
977008846,0.35950000000000004
977020351,0.35533333333333333
977102758,0.47207222222222217
977278924,0.7457100000000001
977510730,0.36282000000000003
977579276,0.20756999999999998
978020650,0.11384999999999995
978469738,0.6070153846153846
978718421,0.8209799999999999
978785617,0.6100749999999999
979092836,0.8035500000000001
979187894,0.63595
979542745,0.8891500000000001
979832242,0.6573
980132406,0.8981300000000001
980884110,0.66237
981046005,0.50521
981289341,0.5131300000000001
981535263,0.5937
981800106,0.47030000000000005
981856109,0.47350000000000003
982024101,0.19463333333333335
982042856,0.6601214285714285
982112782,0.19180999999999998
982119760,0.8179550000000001
982406833,0.12726666666666667
982562465,0.5488299999999999
982831489,0.08104444444444445
983081990,0.28602500000000003
983143183,0.64168
983184680,0.5642666666666667
983507557,0.41271
983515108,0.33331
983642708,0.3382666666666667
984612736,0.9513857142857143
984656456,0.5823571428571429
984981388,0.49267000000000005
985139469,0.49283
985472075,0.77634
985477088,0.3595909090909091
985653378,0.7121545454545455
985708741,0.40395000000000003
987871931,0.9467399999999999
988252754,0.413
989061025,0.62074
989385585,0.73997
989544970,0.75645
990047409,0.55776
990135428,0.3123333333333333
990477277,0.6718307692307692
990510613,0.32822727272727276
990588652,0.30483333333333335
991176230,0.76354
991176888,0.79847
991546016,0.7831
991778125,0.32494
992058779,0.2553
992425516,0.50713
992461816,0.2895857142857143
992586725,0.5874
993145943,0.53928
993158106,0.8642899999999999
993290127,0.6398181818181818
993492744,0.77295
993628979,0.0772
993873900,0.56742
994157520,0.5563
994354970,0.8886900000000001
994415281,-0.04980000000000001
995040705,0.41206666666666664
995209460,0.2138625
995255396,0.32692
995999703,0.58238
996491151,0.63288
996491159,-0.2875666666666667
996797439,0.41966000000000003
996985787,0.70185
997026804,0.16904444444444444
997323990,0.6945699999999999
997582467,0.46055714285714283
997778368,0.5455599999999999
998153813,0.66745
998405251,0.8529
998528159,0.60368
998665159,0.8712799999999999
998893015,0.51037
998957006,0.40424999999999994
999176299,0.59731
999261235,0.5957545454545454
999277175,0.67283
999392046,0.14702
999810006,0.54324
1001088781,0.004799999999999989
1001096601,-0.0017749999999999988
1001273285,0.43265000000000003
1001503257,0.4920375
1001505080,0.7390111111111111
1001537473,0.6750200000000001
1001780528,0.37114
1002196280,0.51744
1002494306,0.8329000000000001
1003325584,-0.31055
1003660287,0.92046
1003722059,0.4037375
1003964218,0.31114
1004243841,0.006233333333333337
1004539546,0.7889272727272728
1004604650,0.73339
1004606061,0.5530923076923077
1005783927,0.5991899999999999
1006408029,0.59935
1007115851,0.5826800000000001
1007163898,-0.03633333333333335
1008111072,0.5273100000000001
1008496061,0.74343
1008692660,0.93417
1010181155,0.28803529411764706
1010278212,0.83246
1010582800,0.8762846153846154
1010598646,0.4870285714285715
1010849769,0.7268100000000001
1011387578,0.39896000000000004
1011636137,0.44016666666666665
1011799194,0.21483
1012782479,0.48338000000000003
1013748720,0.60151
1014821431,0.5443333333333333
1014980954,0.7059300000000001
1014987586,0.8507199999999999
1015000630,0.16727
1015846087,0.53506
1016041206,0.7424555555555555
1016318652,0.4355625
1016323084,0.24169999999999997
1016343603,0.7199272727272727
1017519213,0.4814222222222222
1018002876,0.74134
1018103425,0.5432
1018704225,0.56247
1018753276,-0.09008999999999998
1018998718,0.6211800000000001
1019161597,0.8919916666666666
1019390588,0.8538499999999999
1019894712,0.40415555555555555
1020109860,0.6706090909090908
1020270390,0.66959
1020657631,0.64118
1021213658,0.41532666666666673
1021221577,0.62038
1021239146,0.24982000000000001
1021339851,0.24384
1022522049,0.68972
1023122187,0.37595999999999996
1023144656,0.0
1023246809,-0.08757
1023494154,0.9493
1023678669,0.5005857142857143
1023683909,0.47628000000000004
1023748049,0.41638000000000003
1024951378,-0.02248999999999999
1024953824,0.60646
1024979276,0.45067
1025073240,0.647375
1026149171,0.24341999999999997
1026470546,0.6111
1026490767,0.51478
1027230451,0.77605
1027246404,0.059919999999999994
1027514372,0.55519
1028061848,0.07824166666666667
1028894623,0.27996
1028942265,0.5826399999999999
1028966924,0.14706000000000002
1028973069,0.54496
1029094059,0.9103909090909091
1029524524,0.8253
1029932207,0.88641
1030408436,0.3987
1030804846,0.9076599999999999
1030997904,0.7590454545454546
1031113025,0.2871727272727273
1031127228,0.32443
1031799942,0.77079
1031856919,0.84024
1032743715,0.38603
1033301572,0.45545
1033781064,0.617875
1033812632,0.6308
1033934919,0.38929
1034920425,0.8897857142857143
1035148501,0.4008416666666667
1035184559,0.7257714285714286
1035434952,0.6562333333333333
1035495958,0.6224736842105263
1035581511,0.7100500000000001
1035581522,0.6382800000000001
1036931503,0.3715
1037426453,0.43502
1037602387,0.57851
1037778423,0.61794
1037853430,0.34265
1037924562,0.6867
1037939692,0.17513
1038016364,0.039029999999999995
1038163098,0.80822
1038206145,0.70411
1038426537,0.30592
1038510086,0.6787181818181818
1038913047,0.35325
1038962913,0.7292
1039389817,0.81082
1039626861,0.48617999999999995
1039639389,0.52767
1039841501,0.8590363636363637
1039963264,0.7672636363636364
1040158406,0.41373
1040462294,0.61706
1040809311,0.42372
1041090686,0.7915944444444444
1041631196,0.7451399999999999
1041732970,0.49521052631578943
1041813788,0.35509
1042223672,0.04670999999999999
1042336481,0.9242000000000001
1043423530,0.4875222222222222
1043532559,0.6751272727272727
1044031880,0.7474700000000001
1044072978,0.4561
1044655155,0.6660857142857143
1044966398,0.8979050000000001
1045165396,0.805146153846154
1045436888,0.50343
1046220191,0.86585
1046407019,0.5906142857142856
1046417782,0.64235
1046504106,0.60666
1046512706,0.7476384615384616
1046898158,0.08628
1047461465,0.4002
1047564565,0.3024857142857143
1047862647,0.8036200000000001
1048458452,0.7543200000000001
1048507516,0.5476300000000001
1048542880,0.77976
1048990809,0.70444
1049220831,0.50523
1049308573,0.8172599999999999
1049922915,0.539511111111111
1050101469,0.330895
1050402885,0.34614
1050691440,0.69424
1050764647,0.8584799999999999
1050942619,0.13876
1050973882,0.56562
1051334048,0.06870000000000001
1051832281,0.8939499999999999
1052911574,0.15608
1052929847,0.6251599999999999
1053012308,0.97323
1053423470,0.756
1053527690,0.6253625
1053903979,0.63041
1054398609,0.38937
1054990351,0.8725499999999999
1055667908,0.321325
1056202953,0.6288199999999999
1056367184,0.4012357142857143
1056519674,0.9048
1056920931,0.79837
1057415516,0.72187
1057415521,0.51539
1057459034,0.30174
1057941249,0.608
1058272270,0.5612090909090909
1058272445,0.8418272727272726
1058502954,0.94919
1058526204,0.91456
1058528141,0.45078
1058886031,0.58606
1059136037,0.66402
1059336403,0.8739545454545454
1059378205,0.44106000000000006
1059380269,0.736
1059695084,0.90418
1060076648,0.56712
1060113011,0.6573
1060514635,0.38083
1060704812,0.85577
1061545342,0.40257
1061619071,0.63064
1061733193,0.56044
1061752415,0.3938
1061782177,0.53061
1061896024,0.42835999999999996
1062123456,0.28661000000000003
1062166395,0.5132818181818182
1062168249,0.08434
1062770717,0.22530999999999998
1063076537,0.56576
1063094102,0.58865
1063356052,0.24009999999999998
1063634395,0.50579
1063882966,0.38410000000000005
1063997960,0.10504
1064025141,0.5855
1064064361,0.12040000000000001
1064088420,0.6615888888888889
1064901570,0.1293
1065127760,0.23015
1065272342,0.73125
1065519624,0.6693666666666668
1065773025,0.63021
1065838550,0.6035600000000001
1066217983,0.34233
1066297615,0.49564
1066751995,-0.14368
1066858852,0.84533
1066959614,0.18383333333333332
1067497655,0.653
1067604882,0.8658
1067644217,0.650475
1067810278,0.306425
1068096827,0.46340000000000003
1068288930,0.3975
1068366937,0.91388
1068427731,0.47350666666666663
1068722584,0.13464
1068880726,0.4313166666666666
1069138508,0.29552
1069160488,0.76999
1069162618,0.83916
1069293090,0.5978
1069302081,0.55175
1069370674,0.9162315789473684
1069619421,0.69701
1069691018,0.562975
1070264927,0.390375
1070828182,0.59947
1070965819,0.56023
1071366753,0.36376
1071514528,0.5506300000000001
1071673198,0.31724166666666664
1071717621,0.18971999999999997
1071744151,0.21743571428571426
1071976327,0.602715
1073166827,0.6861499999999999
1073241727,0.4928
1073501073,0.7812785714285714
1073578968,0.42207
1073602039,0.67449
1073846385,0.6291599999999999
1073986257,0.8771909090909091
1074068315,0.67408
1074223087,0.41395
1076085137,0.5983400000000001
1076268353,0.0788
1076384923,0.8671200000000001
1076622926,0.0
1076628341,0.7341583333333334
1076726008,0.8652599999999999
1077032842,0.55985
1077047022,0.45355
1077597317,0.36376
1077611503,0.10559
1077661692,0.32018
1077747523,0.14819
1077750957,0.22696999999999998
1077866163,0.6419166666666667
1078053972,0.73263
1078297893,0.7703636363636364
1078573759,0.74332
1078791890,0.4102
1078942993,0.51755
1078965934,0.49207999999999996
1079321578,0.5403538461538462
1079395220,0.9674099999999999
1079486249,0.31021
1079527526,0.7414400000000001
1079643724,0.42404000000000003
1079822421,0.6843933333333333
1080113347,0.26673
1080608190,0.6490199999999999
1080609014,0.26
1080913331,0.34213
1081300467,0.64252
1081609724,0.6107699999999999
1081824155,0.46408000000000005
1081951977,0.525090909090909
1082262743,0.3024727272727273
1082280681,0.3612
1082633839,0.66577
1083355074,0.47368
1083364731,0.05333000000000001
1084194167,0.5319666666666666
1084304940,0.5259647058823529
1084530345,0.6172
1084639614,0.55133
1084930849,0.3912071428571428
1084958751,0.10533999999999999
1085035820,0.87273
1085131523,0.86476
1085535195,0.6529666666666667
1085929368,0.65299
1086063622,0.07332500000000002
1086372156,-0.014660000000000012
1086458294,0.40121111111111113
1086471115,0.47514
1086492794,0.48552999999999996
1086647459,0.5438636363636363
1086655831,0.73598
1086730643,0.85936
1087382972,0.77665
1087723177,0.23443999999999998
1088139466,0.8310000000000001
1088461138,0.7517400000000001
1088473508,0.636925
1088622798,0.3778357142857143
1088625279,0.70282
1088835216,0.5662900000000001
1089015904,0.6798666666666667
1089048531,0.81688
1089274351,0.353425
1090628328,0.55542
1090706558,0.6858166666666667
1090733563,0.44579
1090863537,0.84335
1090997498,0.79169
1091129846,0.45725
1091131962,0.715676923076923
1091168846,0.4077
1091375305,0.81659
1091682319,0.23004999999999995
1091961989,0.8680999999999999
1092263081,0.8040642857142857
1092773800,0.8518666666666667
1092811938,0.29629000000000005
1092860886,0.297075
1092879510,0.21142000000000002
1092887433,0.7776799999999999
1092957960,0.5918
1093020117,0.153775
1093180069,-0.06350000000000001
1093326711,0.33553
1093342095,0.66146
1093396572,0.96225
1093441835,0.54016
1093443824,0.32531
1093443828,0.47606000000000004
1093443835,0.19561
1093443840,0.26014
1093443848,0.268975
1093500939,0.45925
1094136414,0.65694
1094162875,0.71593
1094525215,0.11096999999999999
1094540376,0.6814199999999999
1094579277,0.0763714285714286
1094591345,0.97111
1094945439,0.6570142857142857
1094980697,0.24293333333333333
1095666863,0.43078000000000005
1095837996,0.5749299999999999
1096461203,0.31767
1096500036,0.7825599999999999
1097114930,0.8230411764705883
1097319948,0.56099
1097333136,0.51267
1097338042,0.726575
1097564248,0.5582631578947368
1097724483,0.26302000000000003
1097757301,0.27369
1097889300,0.3322777777777778
1098789979,0.42976000000000003
1098898838,0.007290000000000007
1099137375,0.44691000000000003
1099428938,0.35377000000000003
1099597929,0.55236
1099702787,0.3393833333333333
1099869352,0.3768777777777778
1100108872,0.10095714285714287
1100204286,0.82233
1100281380,0.5119333333333334
1100883805,0.889725
1101088321,0.9114000000000001
1101109456,0.34075
1101691540,0.017519999999999997
1101932740,0.8260799999999999
1101964569,0.52556
1101992623,0.62854
1102520702,0.19637000000000002
1102812738,0.4735818181818182
1102915565,0.079775
1103094508,0.6004400000000001
1103177988,0.5091
1103186440,0.6188499999999999
1103270318,0.751
1103907303,0.51325
1103998285,0.84243
1104709870,0.77693
1104849567,0.6475299999999999
1104860076,0.6713999999999999
1104860990,-0.16098181818181817
1105859833,0.7529
1106442030,0.8822076923076924
1106831630,0.6071266666666666
1106867532,0.5030300000000001
1106932709,0.34852
1107560245,0.38593
1107597750,0.9984
1107741196,0.879105
1108352969,0.079875
1108509545,0.14796666666666666
1110234847,0.78175
1110335308,0.57091
1110600998,0.7110066666666667
1110963499,0.46499999999999997
1111570198,0.29925999999999997
1112194912,0.4526454545454545
1112286228,0.6679700000000001
1112351448,0.8446647058823529
1112388009,0.47143999999999997
1112429079,0.151225
1112489395,0.39057
1112610493,0.834911111111111
1113002956,0.83249
1113736426,0.8659399999999999
1113986637,0.42402
1113994901,0.48837
1114332150,0.698
1114465602,0.01924
1114932076,0.65818
1115082819,0.7936624999999999
1115113954,-0.12046000000000001
1115730443,0.8197642857142856
1115970276,0.64914
1116164772,0.21498
1116576581,0.5451166666666667
1116645064,0.7832388888888889
1117716857,0.36974
1117759071,0.5037
1118115766,0.9269000000000001
1118295260,0.62751
1118353232,0.5149
1118398079,0.16007272727272726
1119240400,0.7324714285714286
1119322616,0.77556
1119363456,0.6641600000000001
1119473828,0.51216
1119540159,0.6554399999999999
1119641615,0.9316
1120455929,0.5246866666666666
1121121404,0.19433
1121653476,0.7179818181818182
1121788355,0.27149999999999996
1121916547,-0.30338571428571426
1122177365,0.20307
1122414624,0.5640222222222222
1122614480,0.41140999999999994
1122713737,0.7314
1122915575,0.22563
1123003954,0.89709
1123428356,0.37798
1123579511,0.6492
1123828832,0.7225900000000001
1124270619,0.6885052631578947
1124468718,0.36395833333333333
1124663674,0.5734384615384616
1124688670,0.42190000000000005
1124752613,0.4207666666666667
1125056602,0.45516666666666666
1125376814,0.55898
1125910442,0.18682500000000002
1125929606,0.3303833333333333
1126212440,0.61014
1126394027,0.61042
1126539920,0.83604
1127229619,0.50122
1127241728,0.3973684210526316
1128028661,0.5618299999999999
1128104519,0.35447
1128172173,0.22104
1128434559,0.304
1128457868,0.6171
1128746887,0.2121333333333333
1129254578,0.268625
1129660274,0.81143
1129759703,0.77362
1130157487,0.5647818181818182
1130263795,0.39981999999999995
1130937583,0.60006
1131116582,0.060399999999999995
1131269918,0.44032
1131344092,0.29752999999999996
1132242499,0.6277363636363636
1132258364,0.42754000000000003
1132681188,0.3326
1132819329,0.3782666666666667
1132919021,0.5539099999999999
1133173046,0.717025
1133460278,0.18014000000000002
1133729328,0.40454999999999997
1133808841,0.46787999999999996
1133940234,0.5582666666666667
1134154897,0.49210000000000004
1134384491,-0.1292
1134446132,0.6752666666666666
1134449388,0.43048333333333333
1134614037,0.4143631578947368
1134916079,0.6558666666666667
1135149965,0.06275
1135188984,0.4478
1135188992,0.38409
1135219885,0.60575
1135272972,0.66076
1135685892,0.12798333333333334
1136675288,0.6863583333333333
1136678843,0.75009
1136973333,0.28983333333333333
1137155107,0.59315
1137461963,0.39576666666666666
1137536934,0.36185
1137545277,0.45835833333333337
1137551134,0.8069999999999999
1137704832,0.72332
1137926048,0.1464
1138185372,0.67689
1139225761,0.5872090909090909
1139379843,0.7656842105263157
1139465074,0.41931
1140837908,-0.19754
1141358828,0.75428
1141534967,0.56985
1141698765,0.560875
1141937538,0.6089333333333333
1142106736,0.82173
1142288275,0.80358
1142503313,0.5299
1142627756,0.410075
1142744199,0.7588
1142926887,0.5657
1143052259,0.8080642857142858
1143061257,0.14746666666666666
1143204905,0.8518800000000001
1143461119,0.6058
1144041654,0.9214800000000001
1144383479,0.7649333333333334
1144474498,0.67145
1144518254,0.2094555555555556
1144533452,0.75936
1144533571,0.6435636363636363
1144606268,0.67194
1145180980,-0.8885
1145420529,0.6013200000000001
1145823552,0.6011
1145825212,0.5574
1145835171,0.5538733333333333
1146355499,0.60057
1146755300,0.80705
1147331964,0.8855599999999999
1147452760,0.6866000000000001
1147804808,0.8042300000000001
1147936219,0.72345
1147946787,0.59897
1147952108,0.3157
1148283913,0.48866
1148290275,0.51313
1148385128,0.39362
1148684382,0.5655076923076924
1149574976,0.3899
1149631667,-0.009383333333333322
1149692858,0.4766625
1150534552,0.7032142857142858
1150589843,0.75122
1151264905,0.72478
1151406511,0.34623
1151423446,0.66392
1152091057,0.7017300000000001
1152231738,0.41681
1152894282,0.90991
1153461915,0.9834363636363637
1153965204,0.7393799999999999
1154009297,0.0589625
1154395075,0.6307
1154467411,0.5974700000000001
1154749673,0.8291833333333334
1154891230,0.47619285714285714
1155034875,0.1222
1155269699,0.6829214285714286
1155324155,0.716235
1155453617,0.48409166666666664
1155905318,0.64517
1155929027,0.697125
1156325738,0.52225
1156787368,0.4406538461538462
1156906605,0.40125
1157446651,0.8327500000000001
1157452880,0.6175200000000001
1157641840,0.6873400000000001
1158515371,0.20124999999999998
1158838395,0.26521
1158885918,0.7656499999999999
1159292704,0.80137
1159689330,0.9709199999999999
1160054151,0.70062
1160056295,0.46360999999999997
1160404169,0.71133
1160939879,0.93758
1161220720,0.7705
1161538963,0.8439166666666668
1161839775,0.69257
1162009059,0.70321
1162085601,0.8964399999999999
1162168455,0.7148928571428571
1162537630,0.449925
1162560453,0.2825166666666667
1162580001,0.9640272727272727
1163240549,0.6519833333333334
1163319075,0.55765
1163392681,0.7988
1163575523,0.1567
1163575738,0.5801571428571428
1163805393,0.5884166666666667
1164046790,0.81888
1164492728,0.6874
1164815902,0.6123555555555555
1164861766,0.34615999999999997
1164894268,0.846575
1165098158,0.32821176470588237
1165393158,0.6737272727272727
1165398926,0.5487000000000001
1165845280,0.7641
1166690605,0.74037
1167152768,0.9302272727272727
1167380530,0.24626
1167418588,0.6452899999999999
1167418593,0.42881
1167490395,0.8972625
1168409225,0.36893000000000004
1168512535,0.45591
1168560856,0.35292
1168563046,0.8157500000000001
1169157075,0.06523333333333334
1169187398,0.5577
1169807227,0.7364545454545454
1170045106,0.5654545454545454
1170427428,-0.6597
1170852506,0.8520473684210527
1171389180,0.5927100000000001
1171390618,0.49365000000000003
1171392372,0.7006300000000001
1171392377,0.67705
1171418786,0.49143333333333333
1171885330,0.22140000000000004
1171905646,0.099755
1172447763,0.7887545454545454
1172558854,0.636
1172713884,0.9681727272727273
1173388234,0.8215199999999999
1173388413,0.24751428571428574
1173695460,0.51711
1173813257,0.5790181818181819
1174204073,0.47868000000000005
1174804746,0.832905
1174828598,0.5106
1175241527,0.5614235294117647
1175265217,0.27076
1175370741,0.65905625
1175843956,0.40597000000000005
1175894614,0.00739999999999999
1176421757,0.41305555555555556
1176434499,0.5925538461538461
1176665977,0.6571222222222222
1176841153,-0.010850000000000004
1177406732,0.6337857142857143
1178021436,0.49368
1178142229,0.6805249999999999
1178777377,0.8655200000000001
1178931664,0.48305
1179253455,0.38947
1179356344,0.23985625
1179624229,0.55922
1179631910,0.42607
1179759670,0.36357
1180077713,0.14923000000000003
1180473093,0.14399
1180932776,0.5294800000000001
1180947138,0.48983
1181465728,0.6647181818181818
1181774280,0.96126
1182138743,0.8985200000000001
1182796755,0.43764375
1183677827,0.20336666666666667
1183768324,0.80554
1183898700,0.34551818181818184
1183934847,0.42698749999999996
1184284890,0.6033083333333333
1184855781,0.5877399999999999
1184855875,0.69014
1185280923,0.534976923076923
1185371208,0.42895000000000005
1185435679,0.6757
1185532319,0.281925
1185831424,0.5194
1185854577,0.53369
1186263817,0.669
1186994231,0.5029399999999999
1187362853,0.77162
1187534073,0.55048
1187686736,-0.2665
1187951410,0.9597300000000001
1188474283,0.1173125
1188641913,0.1605
1188653918,0.5992181818181819
1188747294,0.5816
1190266185,0.47663
1190270723,0.62122
1190815527,0.57091
1190979375,0.57476
1191472850,0.32625
1191480728,0.7424999999999999
1192069280,0.4284
1192383237,0.42935
1192470294,0.77702
1192606549,0.77556
1193005127,0.5750500000000001
1193092923,0.82049
1193099795,0.423175
1193557334,0.41219
1193644948,0.30724444444444443
1193850060,0.43739
1193933380,0.41672000000000003
1193970597,0.523525
1193976064,0.14914
1194118663,0.41434999999999994
1195035357,0.53895
1195364565,0.67847
1196270941,0.366925
1197071375,0.7799454545454545
1197076384,0.946875
1197289086,0.882575
1197922207,0.6990700000000001
1197960176,0.46016153846153846
1198099725,0.9079699999999999
1198301606,0.49023333333333335
1198473624,0.5588416666666667
1198515180,0.61818
1198806318,0.5647
1199797479,-0.1789625
1199802145,0.6633857142857142
1199822686,0.3947
1199831446,0.5760099999999999
1200280640,0.48952
1200287746,0.3784222222222222
1200317782,0.4204857142857143
1200443846,0.6287421052631579
1200463183,0.3076375
1201152224,0.49987000000000004
1201186640,0.51036
1201497179,0.4859
1201662688,0.3788
1201717505,0.78731
1201840273,0.34631666666666666
1202240058,0.7298600000000001
1202710090,0.9625400000000001
1202820233,0.87296
1203100595,0.8419733333333334
1203185844,0.3260181818181818
1204231646,0.36350000000000005
1204981434,0.13542500000000002
1205403232,0.47102000000000005
1205549963,0.51305
1205687375,0.9621
1205887210,0.49338999999999994
1205888182,0.4814
1207221652,0.46497
1207564604,-0.34180000000000005
1207773186,0.2985
1207867591,0.8268727272727273
1207929079,0.69574
1208454058,0.73201
1208945347,0.49809166666666665
1209667789,0.77961
1209754986,0.545
1209816663,0.6289857142857143
1210420980,0.49477000000000004
1210665981,0.7524
1210878637,0.62698
1211118856,0.5478
1211524821,0.1562666666666667
1211784014,0.695076923076923
1212635048,0.8269526315789474
1212726570,0.77264
1212926095,0.1979
1213056442,0.7163299999999999
1213293543,0.6937705882352941
1213513256,0.75514
1213998446,0.69402
1214685853,0.31646
1214716040,0.83240625
1214892613,0.3982
1214916819,0.5594333333333333
1214946019,0.42352
1215026315,0.8196899999999999
1215027473,-0.4215
1215589649,0.5064555555555557
1216686234,0.47833636363636367
1216688447,0.39851000000000003
1217114666,0.35428571428571437
1217353627,0.5217545454545455
1217470965,0.70091
1217490230,0.89757
1217756952,0.31673
1217949099,0.55209
1218235338,0.5412714285714285
1218331303,0.47920999999999997
1218756035,0.9181363636363638
1218836917,0.36829
1219626039,0.75021
1220067223,0.13028
1220338258,0.11312307692307691
1220346113,0.6095181818181818
1221174690,0.7890818181818182
1221206391,0.378825
1221242087,0.7048769230769231
1221870319,0.80486
1222575825,0.1595
1222628083,0.49870000000000003
1222681858,0.79371875
1222877506,0.7003
1222962303,0.49853636363636367
1223228841,0.34457
1223269671,0.46527
1223272015,0.26308
1223272026,0.05489000000000001
1223379626,-0.09154999999999996
1223392043,0.9221299999999999
1224395501,0.8212300000000001
1224501207,0.8487750000000001
1225196417,0.7336199999999999
1225246042,0.50595
1225449291,0.11175000000000002
1225683141,0.853935294117647
1226168254,0.7641749999999999
1226342081,0.10606666666666666
1227189298,-0.030649999999999955
1227211398,0.42060000000000003
1228095197,0.83883
1228259820,0.71971
1228553191,0.5805
1228727869,0.8337
1228842423,0.9442
1228879129,0.83592
1228963471,0.55213
1229445376,0.32397
1229489918,0.6698333333333334
1229960773,0.8973294117647059
1230036350,0.6551750000000001
1230307001,0.53744375
1230344867,0.5579181818181819
1230892664,0.8025181818181818
1231085864,0.8970363636363636
1231343524,0.38992307692307693
1231464240,0.3517076923076923
1231491435,0.2046
1231776448,0.5982333333333333
1232375138,0.28588
1232704192,0.26496363636363635
1232791258,0.77979
1233004509,0.36777857142857145
1233150657,0.5439857142857143
1233961624,0.42564545454545455
1234035310,0.567509090909091
1234101526,0.6221263157894736
1234131104,0.48694444444444446
1234446615,0.8949153846153847
1234781319,0.59334
1234837874,0.15222222222222223
1234962556,0.21198999999999998
1235387591,0.4433142857142857
1235530695,0.36852
1235863443,0.48586
1235944793,0.5342399999999999
1236004776,0.7709
1236091612,0.51868
1236846171,0.580709090909091
1236987087,0.36664
1237058222,0.6853000000000001
1237370385,0.36914545454545455
1237594311,0.70575
1237972914,0.4052
1238114713,0.5502250000000001
1238141350,0.45081999999999994
1238189589,0.3868666666666667
1238688807,-0.40386666666666665
1238872542,-0.2548625
1239175904,0.887
1239305464,0.5547272727272727
1239362184,0.6753416666666667
1239458501,0.8908857142857143
1239974469,0.8820399999999999
1240027920,0.3176285714285714
1240379695,0.8992799999999999
1240749068,0.44277692307692307
1240749571,0.606388888888889
1240749719,0.7163461538461539
1240880371,0.07724
1240961025,0.713
1241149858,0.41245000000000004
1241625625,0.07074000000000003
1241717359,0.6754
1241932094,0.8321578947368421
1242188429,0.07543333333333334
1242769779,0.605575
1242873139,0.65795
1243711606,0.6225999999999999
1244425171,0.7309461538461538
1244428629,0.503825
1244564757,0.25596
1244942308,0.3887
1245525899,0.74899
1245565445,0.5999769230769231
1245931928,0.38465
1246192430,0.29035
1246281427,0.40679090909090915
1246312700,0.68481
1246448128,0.5786083333333333
1246626371,0.7727999999999999
1247069377,0.6934400000000001
1247286024,0.32403333333333334
1247678171,0.6625090909090909
1248135897,0.43318
1249893606,0.5106
1249992338,0.0
1250136199,0.3290875
1250770219,0.08246666666666669
1250842763,0.39791
1251267042,0.3560375
1251299855,0.23872941176470586
1251847638,0.8328578947368421
1251920220,0.34035454545454547
1252001111,0.7016818181818182
1252249963,0.41736000000000006
1252539379,0.48602
1252605602,0.62533
1252801250,0.5777818181818182
1252907979,0.23798
1253782937,0.79775
1253992789,0.34
1254933625,0.5759000000000001
1255361138,0.3138571428571429
1255365063,0.6195299999999999
1255423391,0.36867500000000003
1255564898,0.56422
1255687892,0.3077
1256490938,0.16592857142857143
1256594401,0.7952250000000001
1257031979,0.7824461538461538
1257482878,0.6578285714285714
1257672904,0.474725
1257992754,0.6281916666666666
1258027083,0.9406307692307693
1258100671,-0.17939999999999998
1258137706,0.37473333333333336
1258468290,0.95357
1258986741,0.43400833333333333
1259275580,0.7973692307692308
1259717508,0.8894000000000001
1259729363,0.4006
1260120626,0.37764000000000003
1260138998,0.6858210526315789
1261165213,0.4508
1261318086,0.8367090909090908
1261722683,0.8552899999999999
1261755616,0.28841
1262359590,0.742975
1262425854,-0.0007555555555555463
1262445849,0.7726769230769232
1262502663,0.50892
1262982662,0.36489999999999995
1263178485,0.17912
1263205737,0.63437
1263244097,0.26990000000000003
1263365153,0.82302
1263430770,0.7641199999999999
1263512097,0.8338599999999999
1264483706,0.79102
1264531625,0.8021181818181818
1264608646,0.51949
1264707038,0.3709
1265038542,0.37247058823529416
1265402792,0.56835
1266183605,0.04678333333333334
1267805783,0.7908333333333334
1268033189,0.9337500000000001
1268448345,0.7956000000000001
1268498553,0.84566
1268615157,-0.40875
1268798201,0.90059
1268966542,0.7119857142857143
1269588517,0.055733333333333336
1270013710,0.38186
1270598321,0.95701
1270659758,0.29008571428571434
1270821305,0.8820285714285714
1271396765,0.7774
1272829053,0.7514700000000001
1273096099,0.235725
1273179811,0.12112500000000001
1273346179,0.46568
1273680219,0.50675
1273760699,0.8082
1274066398,0.6445214285714286
1274132545,0.6500764705882353
1274354704,0.8985823529411765
1274403469,-0.04251999999999999
1274947855,0.61200625
1275132737,0.86767
1275521528,0.6641
1276059785,-0.0572
1276430254,0.743
1276546018,0.613621052631579
1277068114,0.34520999999999996
1277069487,0.85418
1277095117,0.8736900000000001
1278845241,0.9107
1278919579,0.3437333333333334
1279224200,0.42445
1279226071,0.3978454545454545
1279794054,0.26406
1280535470,0.41605000000000003
1280815295,0.310525
1281698592,0.46267857142857144
1281846845,0.46963
1282284743,0.71783
1285078879,0.88439
1285547930,0.5728099999999999
1286135510,-0.6159
1286535683,0.624
1286950887,0.48097142857142855
1286964368,0.6344000000000001
1287000140,0.6679090909090909
1287054778,-0.7793
1287139107,0.6806428571428571
1287475842,0.20535000000000003
1287541705,0.5151578947368421
1288472230,0.3679
1289067948,0.7159142857142857
1289495571,0.468325
1289676910,0.5133416666666667
1289732243,0.90535
1291237272,0.7373000000000001
1291489289,0.5243666666666668
1291766350,0.36606
1292135105,0.70862
1292347696,0.013040000000000006
1292539617,0.8188733333333332
1292787392,0.60775
1292823021,0.01867500000000001
1293027662,0.37151
1293935282,0.643825
1294210397,0.435875
1294227440,0.16885
1294559949,0.28767
1294573637,0.8296699999999999
1295285457,0.6570166666666667
1295555672,0.4808363636363637
1296534972,0.3182
1296544618,0.8834
1296625347,0.4709666666666667
1296665674,0.7227666666666667
1296758026,0.24373
1297288826,-0.023590909090909107
1297648650,0.5756
1297831105,0.08668333333333335
1298579909,0.45815
1298734617,0.6403133333333333
1299021478,0.7815416666666667
1299538645,0.4410090909090909
1299615545,0.6369
1299932462,0.9258200000000001
1300027167,0.7861210526315789
1300634274,0.7813727272727273
1303389751,0.6912733333333333
1304128446,0.72179
1306926524,0.28996666666666665
1307613713,0.44204
1308001831,0.48126666666666673
1308082090,0.09504444444444443
1308145679,0.6529200000000001
1308240244,0.557825
1308740054,0.42899000000000004
1308886071,0.26230000000000003
1308992169,0.39071818181818185
1309032833,0.65219
1309578981,0.69533
1311072575,0.44166
1311285055,0.1596375
1311511672,0.4942142857142858
1311555637,0.655425
1313190924,0.7076
1314208253,0.91
1314838316,0.66608
1314946930,0.41695000000000004
1315544208,0.69223
1315968176,0.22306666666666666
1316910651,0.5190300000000001
1316911967,0.6545
1316937847,0.7687235294117647
1316946736,0.41186999999999996
1317709216,0.19907
1317766412,0.9507899999999999
1318066422,0.27645000000000003
1318404409,0.37863
1318719428,-0.12691249999999998
1320328285,0.54446
1321575063,0.8346
1321816752,0.58455
1321928418,0.8807454545454546
1321933151,0.41041
1322323425,0.5278368421052632
1323901884,0.7812
1324535063,0.8855500000000001
1324887522,0.799675
1324927964,0.48353
1325407162,0.44322999999999996
1325446408,0.4825
1325530121,0.4204142857142857
1325992183,0.5859
1326484730,0.48464999999999997
1326696973,0.476425
1326741821,0.33596
1326879265,0.6837071428571428
1327122657,0.55307
1327281119,0.63791
1327319209,0.23770000000000002
1327375208,0.62514
1327435891,0.33199000000000006
1327617338,0.8574166666666666
1327729826,-0.03271999999999997
1327790148,0.69056
1328676315,0.03475000000000002
1328941357,-0.12125000000000002
1329174849,0.611675
1329282624,0.3139
1329443393,0.46901333333333334
1329653234,0.7127789473684211
1330051577,0.6385714285714286
1330117634,0.12115000000000001
1330123889,0.31488
1330250390,0.3779
1330451888,0.79202
1330459626,0.8225
1331030677,0.751725
1331343244,0.30985
1331763236,0.2914785714285714
1331851980,0.17722222222222223
1331875992,0.2793090909090909
1332466209,0.028425000000000006
1332605733,0.926
1333062826,0.4613375
1333123447,0.6470181818181818
1333545227,0.2643
1333928862,0.29649000000000003
1333957830,0.65305
1333968044,0.8715083333333333
1334589741,0.4588
1335928998,0.65628
1336067110,0.9188599999999999
1336386077,0.636475
1336400740,0.2844666666666667
1337757326,0.50251
1338668933,0.71043
1338700502,0.57117
1338852251,0.3557090909090909
1339093387,0.4215
1339245119,0.17730714285714286
1339374094,0.26354
1339618076,0.18622999999999998
1340497640,0.9606
1341559548,0.1462142857142857
1341586204,0.48625999999999997
1341831522,0.68073
1341837401,0.29795714285714286
